ユ訾榇 ,船,ユ澄る,}L基,程蔼基,程C基,ΜL基,害^基,害^%,*Θユq,挡衡基,*ゼRP船计,程岢台味R基,程岢台谓婊,菌v程蔼基,菌v程C基
1999/1/5,TX ,199901,6430,6430,6074,6120,】-411,】-6.29%,5058,6120,6441,0,0,7640,6074
1999/1/5,TX ,199902,6501,6501,6120,6147,】-423,】-6.44%,321,6147,472,0,0,6998,6120
1999/1/5,TX ,199903,6531,6531,6123,6155,】-405,】-6.17%,134,6155,498,0,0,8242,6123
1999/1/5,TX ,199906,6305,6305,6200,6200,】-355,】-5.42%,6,6200,40,0,0,7560,6200
1999/1/5,TX ,199909,6419,6419,6200,6200,】-372,】-5.66%,6,6200,12,0,0,7600,6200
1999/1/6,TX ,199901,6011,6330,6011,6245,《125,《2.04%,5903,6245,5290,0,0,7640,6011
1999/1/6,TX ,199902,6147,6320,6011,6250,《103,《1.68%,380,6250,508,0,0,6998,6011
1999/1/6,TX ,199903,6060,6320,6040,6249,《94,《1.53%,86,6249,486,0,0,8242,6040
1999/1/6,TX ,199906,6031,6300,6031,6215,《15,《0.24%,5,6215,40,0,0,7560,6031
1999/1/6,TX ,199909,6080,6080,6080,6080,】-120,】-1.94%,1,6252,13,0,0,7600,6080
1999/1/7,TX ,199901,6385,6510,6211,6510,《265,《4.24%,5515,6510,5127,0,0,7640,6011
1999/1/7,TX ,199902,6322,6510,6211,6510,《260,《4.16%,547,6510,657,0,0,6998,6011
1999/1/7,TX ,199903,6300,6510,6202,6510,《261,《4.18%,102,6510,487,0,0,8242,6040
1999/1/7,TX ,199906,6399,6489,6399,6489,《274,《4.41%,3,6491,38,0,0,7560,6031
1999/1/7,TX ,199909,-,-,-,-,-,-,-,6517,13,-,-,-,-
1999/1/8,TX ,199901,6442,6520,6391,6452,】-58,】-0.89%,4385,6452,4864,0,0,7640,6011
1999/1/8,TX ,199902,6460,6529,6400,6450,】-60,】-0.92%,563,6450,764,0,0,6998,6011
1999/1/8,TX ,199903,6560,6560,6401,6451,】-59,】-0.91%,158,6451,463,0,0,8242,6040
1999/1/8,TX ,199906,-,-,-,-,-,-,-,6450,38,-,-,-,-
1999/1/8,TX ,199909,-,-,-,-,-,-,-,6449,13,-,-,-,-
1999/1/11,TX ,199901,6478,6500,6385,6435,】-17,】-0.26%,2558,6435,4641,0,0,7640,6011
1999/1/11,TX ,199902,6469,6488,6400,6449,】-1,】-0.02%,288,6449,844,0,0,6998,6011
1999/1/11,TX ,199903,6489,6494,6420,6455,《4,《0.06%,40,6455,462,0,0,8242,6040
1999/1/11,TX ,199906,-,-,-,-,-,-,-,6406,38,-,-,-,-
1999/1/11,TX ,199909,-,-,-,-,-,-,-,6432,13,-,-,-,-
1999/1/12,TX ,199901,6435,6470,6360,6390,】-45,】-0.70%,3195,6390,4434,0,0,7640,6011
1999/1/12,TX ,199902,6439,6470,6370,6381,】-68,】-1.05%,364,6381,900,0,0,6998,6011
1999/1/12,TX ,199903,6415,6450,6381,6382,】-73,】-1.13%,43,6382,463,0,0,8242,6040
1999/1/12,TX ,199906,-,-,-,-,-,-,-,6411,38,-,-,-,-
1999/1/12,TX ,199909,-,-,-,-,-,-,-,6387,13,-,-,-,-
1999/1/13,TX ,199901,6332,6360,6290,6352,】-38,】-0.59%,2693,6352,4261,0,0,7640,6011
1999/1/13,TX ,199902,6322,6360,6290,6340,】-41,】-0.64%,617,6340,1166,0,0,6998,6011
1999/1/13,TX ,199903,6306,6365,6300,6349,】-33,】-0.52%,64,6349,472,0,0,8242,6040
1999/1/13,TX ,199906,6350,6350,6350,6350,】-61,】-0.95%,1,6346,38,0,0,7560,6031
1999/1/13,TX ,199909,-,-,-,-,-,-,-,6322,13,-,-,-,-
1999/1/14,TX ,199901,6318,6335,6231,6280,】-72,】-1.13%,2775,6280,4109,0,0,7640,6011
1999/1/14,TX ,199902,6300,6318,6219,6270,】-70,】-1.10%,609,6270,1299,0,0,6998,6011
1999/1/14,TX ,199903,6222,6318,6220,6259,】-90,】-1.42%,57,6259,500,0,0,8242,6040
1999/1/14,TX ,199906,6260,6260,6255,6255,】-91,】-1.43%,2,6270,39,0,0,7560,6031
1999/1/14,TX ,199909,-,-,-,-,-,-,-,6300,13,-,-,-,-
1999/1/15,TX ,199901,6220,6600,6200,6600,《320,《5.10%,3923,6600,3232,0,0,7640,6011
1999/1/15,TX ,199902,6202,6610,6180,6610,《340,《5.42%,1707,6610,1589,0,0,6998,6011
1999/1/15,TX ,199903,6220,6600,6190,6600,《341,《5.45%,151,6600,506,0,0,8242,6040
1999/1/15,TX ,199906,6420,6575,6420,6575,《305,《4.86%,2,6562,37,0,0,7560,6031
1999/1/15,TX ,199909,-,-,-,-,-,-,-,6699,13,-,-,-,-
1999/1/16,TX ,199901,6599,6619,6502,6530,】-70,】-1.06%,2442,6530,2645,0,0,7640,6011
1999/1/16,TX ,199902,6630,6660,6553,6565,】-45,】-0.68%,2271,6565,2108,0,0,6998,6011
1999/1/16,TX ,199903,6600,6648,6531,6550,】-50,】-0.76%,125,6550,528,0,0,8242,6040
1999/1/16,TX ,199906,6660,6660,6501,6560,】-2,】-0.03%,8,6560,36,0,0,7560,6031
1999/1/16,TX ,199909,-,-,-,-,-,-,-,6629,13,-,-,-,-
1999/1/18,TX ,199901,6530,6530,6410,6412,】-118,】-1.81%,885,6412,2240,0,0,7640,6011
1999/1/18,TX ,199902,6540,6540,6445,6445,】-120,】-1.83%,2273,6445,2302,0,0,6998,6011
1999/1/18,TX ,199903,6541,6541,6450,6462,】-88,】-1.34%,93,6462,523,0,0,8242,6040
1999/1/18,TX ,199906,-,-,-,-,-,-,-,6442,36,-,-,-,-
1999/1/18,TX ,199909,-,-,-,-,-,-,-,6511,13,-,-,-,-
1999/1/19,TX ,199901,6421,6486,6355,6385,】-27,】-0.42%,932,6385,1636,0,0,7640,6011
1999/1/19,TX ,199902,6430,6569,6386,6433,】-12,】-0.19%,2791,6433,2896,0,0,6998,6011
1999/1/19,TX ,199903,6446,6499,6406,6440,】-22,】-0.34%,108,6440,560,0,0,8242,6040
1999/1/19,TX ,199906,6500,6500,6412,6412,】-30,】-0.47%,9,6412,40,0,0,7560,6031
1999/1/19,TX ,199909,-,-,-,-,-,-,-,6484,13,-,-,-,-
1999/1/20,TX ,199901,6385,6395,6309,6321,】-64,】-1.00%,1015,6321,758,0,0,7640,6011
1999/1/20,TX ,199902,6436,6465,6383,6405,】-28,】-0.44%,2372,6405,3531,0,0,6998,6011
1999/1/20,TX ,199903,6440,6470,6390,6400,】-40,】-0.62%,131,6400,631,0,0,8242,6040
1999/1/20,TX ,199906,6475,6475,6400,6400,】-12,】-0.19%,3,6394,40,0,0,7560,6031
1999/1/20,TX ,199909,-,-,-,-,-,-,-,6420,13,-,-,-,-
1999/1/21,TX ,199902,6420,6548,6415,6417,《12,《0.19%,4800,6417,4089,0,0,6998,6011
1999/1/21,TX ,199903,6415,6548,6415,6430,《30,《0.47%,194,6430,709,0,0,8242,6040
1999/1/21,TX ,199906,6420,6420,6420,6420,《26,《0.41%,1,6480,39,0,0,7560,6031
1999/1/21,TX ,199909,6480,6520,6480,6520,《100,《1.56%,6,6508,11,0,0,7600,6080
1999/1/21,TX ,199912,-,-,-,-,-,-,-,6581,0,-,-,-,-
1999/1/22,TX ,199902,6359,6391,6271,6285,】-132,】-2.06%,3985,6285,4587,0,0,6998,6011
1999/1/22,TX ,199903,6400,6400,6300,6319,】-111,】-1.73%,197,6319,777,0,0,8242,6040
1999/1/22,TX ,199906,6348,6348,6330,6330,】-150,】-2.31%,3,6348,40,0,0,7560,6031
1999/1/22,TX ,199909,-,-,-,-,-,-,-,6376,11,-,-,-,-
1999/1/22,TX ,199912,6361,6361,6320,6320,】-261,】-3.97%,5,6449,5,0,0,6361,6320
1999/1/25,TX ,199902,6220,6220,6031,6040,】-245,】-3.90%,3424,6040,4725,0,0,6998,6011
1999/1/25,TX ,199903,6274,6274,6065,6088,】-231,】-3.66%,247,6088,855,0,0,8242,6040
1999/1/25,TX ,199906,6235,6298,6100,6100,】-248,】-3.91%,13,6100,42,0,0,7560,6031
1999/1/25,TX ,199909,-,-,-,-,-,-,-,6100,11,-,-,-,-
1999/1/25,TX ,199912,-,-,-,-,-,-,-,6126,5,-,-,-,-
1999/1/26,TX ,199902,6089,6230,6026,6220,《180,《2.98%,5115,6220,4932,0,0,6998,6011
1999/1/26,TX ,199903,6130,6240,6052,6220,《132,《2.17%,265,6220,909,0,0,8242,6040
1999/1/26,TX ,199906,6120,6238,6100,6238,《138,《2.26%,18,6258,52,0,0,7560,6031
1999/1/26,TX ,199909,-,-,-,-,-,-,-,6230,11,-,-,-,-
1999/1/26,TX ,199912,-,-,-,-,-,-,-,6230,5,-,-,-,-
1999/1/27,TX ,199902,6249,6270,6141,6145,】-75,】-1.21%,3969,6145,5066,0,0,6998,6011
1999/1/27,TX ,199903,6270,6279,6152,6152,】-68,】-1.09%,247,6152,937,0,0,8242,6040
1999/1/27,TX ,199906,6290,6290,6200,6200,】-58,】-0.93%,12,6200,56,0,0,7560,6031
1999/1/27,TX ,199909,-,-,-,-,-,-,-,6162,11,-,-,-,-
1999/1/27,TX ,199912,-,-,-,-,-,-,-,6162,5,-,-,-,-
1999/1/28,TX ,199902,6101,6140,6052,6070,】-75,】-1.22%,3359,6070,4793,0,0,6998,6011
1999/1/28,TX ,199903,6120,6160,6081,6095,】-57,】-0.93%,254,6095,1032,0,0,8242,6040
1999/1/28,TX ,199906,6150,6150,6120,6120,】-80,】-1.29%,6,6125,60,0,0,7560,6031
1999/1/28,TX ,199909,-,-,-,-,-,-,-,6087,11,-,-,-,-
1999/1/28,TX ,199912,6320,6320,6150,6150,】-12,】-0.19%,2,6170,7,0,0,6361,6150
1999/1/29,TX ,199902,6102,6120,6020,6080,《10,《0.16%,3691,6080,5025,0,0,6998,6011
1999/1/29,TX ,199903,6118,6145,6050,6071,】-24,】-0.39%,310,6071,1133,0,0,8242,6040
1999/1/29,TX ,199906,6101,6120,6082,6120,】-5,】-0.08%,15,6108,64,0,0,7560,6031
1999/1/29,TX ,199909,6102,6102,6099,6099,《12,《0.20%,3,6105,12,0,0,7600,6080
1999/1/29,TX ,199912,6170,6170,6105,6105,】-65,】-1.05%,6,6115,13,0,0,6361,6105
1999/1/30,TX ,199902,6080,6200,6050,6110,《30,《0.49%,5084,6110,5212,0,0,6998,6011
1999/1/30,TX ,199903,6101,6220,6051,6128,《57,《0.94%,504,6128,1242,0,0,8242,6040
1999/1/30,TX ,199906,6149,6220,6120,6120,《12,《0.20%,13,6120,66,0,0,7560,6031
1999/1/30,TX ,199909,6261,6261,6106,6106,《1,《0.02%,11,6106,18,0,0,7600,6080
1999/1/30,TX ,199912,6200,6220,6101,6121,《6,《0.10%,10,6121,18,0,0,6361,6101
1999/2/1,TX ,199902,6051,6051,5952,5954,】-156,】-2.55%,3284,5954,5406,0,0,6998,5952
1999/2/1,TX ,199903,6055,6075,5985,5990,】-138,】-2.25%,589,5990,1498,0,0,8242,5985
1999/2/1,TX ,199906,6102,6102,6023,6023,】-97,】-1.58%,24,6023,76,0,0,7560,6023
1999/2/1,TX ,199909,-,-,-,-,-,-,-,5996,18,-,-,-,-
1999/2/1,TX ,199912,6100,6100,6040,6040,】-81,】-1.32%,5,6034,23,0,0,6361,6040
1999/2/2,TX ,199902,6000,6010,5860,5880,】-74,】-1.24%,3803,5880,5327,0,0,6998,5860
1999/2/2,TX ,199903,6010,6025,5902,5920,】-70,】-1.17%,579,5920,1691,0,0,8242,5902
1999/2/2,TX ,199906,6085,6085,5952,5956,】-67,】-1.11%,20,5956,78,0,0,7560,5952
1999/2/2,TX ,199909,6150,6150,6050,6050,《54,《0.90%,6,6017,20,0,0,7600,6050
1999/2/2,TX ,199912,6119,6119,6055,6055,《21,《0.35%,2,6032,24,0,0,6361,6040
1999/2/3,TX ,199902,5800,5940,5711,5890,《10,《0.17%,5641,5890,5548,0,0,6998,5711
1999/2/3,TX ,199903,5850,6100,5780,5930,《10,《0.17%,1320,5930,1978,0,0,8242,5780
1999/2/3,TX ,199906,5901,5990,5850,5922,】-34,】-0.57%,30,5922,89,0,0,7560,5850
1999/2/3,TX ,199909,5899,5950,5851,5950,】-67,】-1.11%,15,5956,28,0,0,7600,5851
1999/2/3,TX ,199912,5970,5970,5970,5970,】-62,】-1.03%,1,5946,23,0,0,6361,5970
1999/2/4,TX ,199902,5852,5870,5550,5558,】-332,】-5.64%,5240,5558,5282,0,0,6998,5550
1999/2/4,TX ,199903,5900,5925,5620,5630,】-300,】-5.06%,1457,5630,2422,0,0,8242,5620
1999/2/4,TX ,199906,5985,5985,5700,5714,】-208,】-3.51%,55,5720,91,0,0,7560,5700
1999/2/4,TX ,199909,5833,5845,5820,5820,】-136,】-2.28%,18,5779,17,0,0,7600,5820
1999/2/4,TX ,199912,5870,5870,5820,5820,】-126,】-2.12%,11,5839,20,0,0,6361,5820
1999/2/5,TX ,199902,5462,5775,5462,5580,《22,《0.40%,5807,5580,4973,0,0,6998,5462
1999/2/5,TX ,199903,5550,5850,5540,5650,《20,《0.36%,1957,5650,2630,0,0,8242,5540
1999/2/5,TX ,199906,5602,5850,5602,5685,】-35,】-0.61%,43,5685,93,0,0,7560,5602
1999/2/5,TX ,199909,5651,5801,5631,5631,】-148,】-2.56%,12,5652,19,0,0,7600,5631
1999/2/5,TX ,199912,5751,5801,5631,5702,】-137,】-2.35%,9,5702,26,0,0,6361,5631
1999/2/6,TX ,199902,5640,5770,5590,5767,《187,《3.35%,5022,5767,4218,0,0,6998,5462
1999/2/6,TX ,199903,5700,5829,5666,5826,《176,《3.12%,2414,5826,3216,0,0,8242,5540
1999/2/6,TX ,199906,5790,5900,5790,5855,《170,《2.99%,37,5855,88,0,0,7560,5602
1999/2/6,TX ,199909,5800,5889,5750,5830,《178,《3.15%,14,5857,22,0,0,7600,5631
1999/2/6,TX ,199912,5878,5899,5878,5899,《197,《3.45%,6,5978,22,0,0,6361,5631
1999/2/8,TX ,199902,5750,5890,5750,5835,《68,《1.18%,3572,5835,3365,0,0,6998,5462
1999/2/8,TX ,199903,5831,5949,5801,5877,《51,《0.88%,2812,5877,3966,0,0,8242,5540
1999/2/8,TX ,199906,5855,6000,5855,5921,《66,《1.13%,23,5914,96,0,0,7560,5602
1999/2/8,TX ,199909,5900,5950,5900,5950,《93,《1.59%,4,5934,25,0,0,7600,5631
1999/2/8,TX ,199912,5950,5950,5950,5950,】-28,】-0.47%,2,5945,20,0,0,6361,5631
1999/2/9,TX ,199902,5800,5810,5751,5770,】-65,】-1.11%,1545,5770,2871,0,0,6998,5462
1999/2/9,TX ,199903,5849,5849,5773,5806,】-71,】-1.21%,2853,5806,4669,0,0,8242,5540
1999/2/9,TX ,199906,5890,5890,5833,5868,】-46,】-0.78%,14,5868,100,0,0,7560,5602
1999/2/9,TX ,199909,-,-,-,-,-,-,-,5874,25,-,-,-,-
1999/2/9,TX ,199912,-,-,-,-,-,-,-,5851,20,-,-,-,-
1999/2/10,TX ,199902,5735,5849,5720,5840,《70,《1.21%,1373,5840,1964,0,0,6998,5462
1999/2/10,TX ,199903,5769,5890,5750,5875,《69,《1.19%,3934,5875,5042,0,0,8242,5540
1999/2/10,TX ,199906,5845,5930,5845,5930,《62,《1.06%,23,5920,102,0,0,7560,5602
1999/2/10,TX ,199909,-,-,-,-,-,-,-,5938,25,-,-,-,-
1999/2/10,TX ,199912,-,-,-,-,-,-,-,5921,20,-,-,-,-
1999/2/20,TX ,199902,5980,6149,5950,6140,《300,《5.14%,1197,6140,914,0,0,6998,5462
1999/2/20,TX ,199903,6095,6218,6031,6218,《343,《5.84%,3510,6218,5314,0,0,8242,5540
1999/2/20,TX ,199906,6006,6235,6006,6220,《300,《5.07%,34,6220,111,0,0,7560,5602
1999/2/20,TX ,199909,-,-,-,-,-,-,-,6249,25,-,-,-,-
1999/2/20,TX ,199912,-,-,-,-,-,-,-,6221,20,-,-,-,-
1999/2/22,TX ,199903,6250,6550,6250,6530,《312,《5.02%,5356,6530,5238,0,0,8242,5540
1999/2/22,TX ,199904,6380,6542,6251,6530,-,-,79,6530,55,0,0,6542,6251
1999/2/22,TX ,199906,6250,6600,6250,6540,《320,《5.14%,36,6540,106,0,0,7560,5602
1999/2/22,TX ,199909,6600,6600,6600,6600,《351,《5.62%,1,6600,24,0,0,7600,5631
1999/2/22,TX ,199912,6389,6530,6389,6530,《309,《4.97%,6,6521,23,0,0,6530,5631
1999/2/23,TX ,199903,6539,6540,6315,6315,】-215,】-3.29%,5973,6315,5890,0,0,8242,5540
1999/2/23,TX ,199904,6550,6559,6350,6350,】-180,】-2.76%,160,6350,123,0,0,6559,6251
1999/2/23,TX ,199906,6540,6540,6352,6361,】-179,】-2.74%,34,6361,109,0,0,7560,5602
1999/2/23,TX ,199909,6362,6362,6362,6362,】-238,】-3.61%,1,6385,23,0,0,7600,5631
1999/2/23,TX ,199912,6499,6499,6402,6402,】-119,】-1.82%,2,6373,23,0,0,6530,5631
1999/2/24,TX ,199903,6335,6426,6275,6425,《110,《1.74%,5943,6425,6611,0,0,8242,5540
1999/2/24,TX ,199904,6400,6468,6303,6450,《100,《1.57%,157,6450,152,0,0,6559,6251
1999/2/24,TX ,199906,6420,6450,6308,6449,《88,《1.38%,23,6449,109,0,0,7560,5602
1999/2/24,TX ,199909,-,-,-,-,-,-,-,6403,23,-,-,-,-
1999/2/24,TX ,199912,6375,6468,6375,6468,《95,《1.49%,4,6468,24,0,0,6530,5631
1999/2/25,TX ,199903,6395,6499,6350,6380,】-45,】-0.70%,5210,6380,6859,0,0,8242,5540
1999/2/25,TX ,199904,6439,6520,6401,6425,】-25,】-0.39%,182,6425,195,0,0,6559,6251
1999/2/25,TX ,199906,6480,6559,6425,6466,《17,《0.26%,15,6466,100,0,0,7560,5602
1999/2/25,TX ,199909,6440,6440,6440,6440,《37,《0.58%,1,6358,23,0,0,7600,5631
1999/2/25,TX ,199912,6451,6451,6442,6442,】-26,】-0.40%,2,6425,24,0,0,6530,5631
1999/2/26,TX ,199903,6355,6470,6285,6469,《89,《1.39%,4658,6469,6775,0,0,8242,5540
1999/2/26,TX ,199904,6400,6510,6341,6500,《75,《1.17%,194,6500,228,0,0,6559,6251
1999/2/26,TX ,199906,6451,6520,6451,6519,《53,《0.82%,4,6519,101,0,0,7560,5602
1999/2/26,TX ,199909,-,-,-,-,-,-,-,6530,23,-,-,-,-
1999/2/26,TX ,199912,-,-,-,-,-,-,-,6491,24,-,-,-,-
1999/3/1,TX ,199903,6410,6456,6368,6419,】-50,】-0.77%,3787,6419,6930,0,0,8242,5540
1999/3/1,TX ,199904,6490,6496,6422,6465,】-35,】-0.54%,107,6465,254,0,0,6559,6251
1999/3/1,TX ,199906,6509,6518,6461,6473,】-46,】-0.71%,24,6473,99,0,0,7560,5602
1999/3/1,TX ,199909,6549,6549,6420,6547,《17,《0.26%,12,6477,22,0,0,7600,5631
1999/3/1,TX ,199912,-,-,-,-,-,-,-,6477,24,-,-,-,-
1999/3/2,TX ,199903,6450,6450,6312,6345,】-74,】-1.15%,4189,6345,6771,0,0,8242,5540
1999/3/2,TX ,199904,6450,6480,6370,6400,】-65,】-1.01%,207,6400,282,0,0,6559,6251
1999/3/2,TX ,199906,6450,6450,6400,6420,】-53,】-0.82%,16,6420,104,0,0,7560,5602
1999/3/2,TX ,199909,6450,6531,6450,6460,】-17,】-0.26%,4,6460,22,0,0,7600,5631
1999/3/2,TX ,199912,6455,6455,6421,6421,】-56,】-0.86%,4,6403,25,0,0,6530,5631
1999/3/3,TX ,199903,6301,6495,6298,6450,《105,《1.65%,5452,6450,6654,0,0,8242,5540
1999/3/3,TX ,199904,6350,6530,6340,6500,《100,《1.56%,303,6500,339,0,0,6559,6251
1999/3/3,TX ,199906,6380,6560,6380,6506,《86,《1.34%,21,6506,100,0,0,7560,5602
1999/3/3,TX ,199909,-,-,-,-,-,-,-,6550,22,-,-,-,-
1999/3/3,TX ,199912,-,-,-,-,-,-,-,6508,25,-,-,-,-
1999/3/4,TX ,199903,6450,6478,6380,6388,】-62,】-0.96%,5499,6388,6061,0,0,8242,5540
1999/3/4,TX ,199904,6505,6525,6430,6437,】-63,】-0.97%,319,6437,451,0,0,6559,6251
1999/3/4,TX ,199906,6506,6529,6454,6480,】-26,】-0.40%,17,6467,106,0,0,7560,5602
1999/3/4,TX ,199909,6431,6499,6431,6499,】-51,】-0.78%,2,6488,23,0,0,7600,5631
1999/3/4,TX ,199912,-,-,-,-,-,-,-,6446,25,-,-,-,-
1999/3/5,TX ,199903,6400,6445,6340,6425,《37,《0.58%,4459,6425,5746,0,0,8242,5540
1999/3/5,TX ,199904,6442,6465,6381,6445,《8,《0.12%,324,6445,521,0,0,6559,6251
1999/3/5,TX ,199906,6451,6480,6420,6480,《13,《0.20%,13,6480,105,0,0,7560,5602
1999/3/5,TX ,199909,-,-,-,-,-,-,-,6435,23,-,-,-,-
1999/3/5,TX ,199912,-,-,-,-,-,-,-,6483,25,-,-,-,-
1999/3/6,TX ,199903,6528,6534,6435,6440,《15,《0.23%,4710,6440,5713,0,0,8242,5540
1999/3/6,TX ,199904,6510,6544,6470,6480,《35,《0.54%,451,6480,679,0,0,6559,6251
1999/3/6,TX ,199906,6555,6580,6520,6520,《40,《0.62%,15,6539,106,0,0,7560,5602
1999/3/6,TX ,199909,6550,6550,6550,6550,《115,《1.79%,1,6524,22,0,0,7600,5631
1999/3/6,TX ,199912,6535,6536,6535,6536,《53,《0.82%,2,6498,27,0,0,6536,5631
1999/3/8,TX ,199903,6450,6465,6390,6465,《25,《0.39%,2462,6465,5836,0,0,8242,5540
1999/3/8,TX ,199904,6479,6490,6430,6490,《10,《0.15%,257,6490,779,0,0,6559,6251
1999/3/8,TX ,199906,6501,6517,6482,6517,】-22,】-0.34%,22,6510,100,0,0,7560,5602
1999/3/8,TX ,199909,6501,6543,6501,6543,《19,《0.29%,2,6503,23,0,0,7600,5631
1999/3/8,TX ,199912,-,-,-,-,-,-,-,6503,27,-,-,-,-
1999/3/9,TX ,199903,6465,6535,6445,6489,《24,《0.37%,4157,6489,5490,0,0,8242,5540
1999/3/9,TX ,199904,6499,6568,6480,6530,《40,《0.62%,650,6530,1027,0,0,6568,6251
1999/3/9,TX ,199906,6550,6580,6550,6580,《70,《1.08%,20,6557,107,0,0,7560,5602
1999/3/9,TX ,199909,-,-,-,-,-,-,-,6533,23,-,-,-,-
1999/3/9,TX ,199912,-,-,-,-,-,-,-,6503,27,-,-,-,-
1999/3/10,TX ,199903,6480,6520,6460,6520,《31,《0.48%,2695,6520,5245,0,0,8242,5540
1999/3/10,TX ,199904,6520,6560,6501,6558,《28,《0.43%,429,6558,1167,0,0,6568,6251
1999/3/10,TX ,199906,6521,6560,6520,6560,《3,《0.05%,13,6560,113,0,0,7560,5602
1999/3/10,TX ,199909,6560,6560,6560,6560,《27,《0.41%,1,6547,23,0,0,7600,5631
1999/3/10,TX ,199912,-,-,-,-,-,-,-,6520,27,-,-,-,-
1999/3/11,TX ,199903,6549,6549,6451,6451,】-69,】-1.06%,2635,6451,4846,0,0,8242,5540
1999/3/11,TX ,199904,6570,6585,6511,6511,】-47,】-0.72%,1075,6511,1701,0,0,6585,6251
1999/3/11,TX ,199906,6570,6580,6540,6540,】-20,】-0.30%,11,6540,116,0,0,7560,5602
1999/3/11,TX ,199909,6565,6565,6565,6565,《18,《0.27%,1,6478,23,0,0,7600,5631
1999/3/11,TX ,199912,6570,6570,6565,6565,《45,《0.69%,2,6535,28,0,0,6570,5631
1999/3/12,TX ,199903,6455,6489,6431,6489,《38,《0.59%,1699,6489,4430,0,0,8242,5540
1999/3/12,TX ,199904,6511,6547,6481,6547,《36,《0.55%,1306,6547,2282,0,0,6585,6251
1999/3/12,TX ,199906,6565,6580,6520,6551,《11,《0.17%,13,6551,121,0,0,7560,5602
1999/3/12,TX ,199909,-,-,-,-,-,-,-,6605,23,-,-,-,-
1999/3/12,TX ,199912,-,-,-,-,-,-,-,6616,28,-,-,-,-
1999/3/15,TX ,199903,6466,6630,6450,6619,《130,《2.00%,2078,6619,3118,0,0,8242,5540
1999/3/15,TX ,199904,6527,6712,6502,6711,《164,《2.50%,2640,6711,3145,0,0,6712,6251
1999/3/15,TX ,199906,6550,6751,6549,6751,《200,《3.05%,18,6751,129,0,0,7560,5602
1999/3/15,TX ,199909,6602,6602,6602,6602,】-3,】-0.05%,1,6760,23,0,0,7600,5631
1999/3/15,TX ,199912,6602,6700,6602,6700,《84,《1.27%,5,6701,26,0,0,6700,5631
1999/3/16,TX ,199903,6634,6698,6619,6659,《40,《0.60%,1487,6659,2161,0,0,8242,5540
1999/3/16,TX ,199904,6730,6770,6682,6730,《19,《0.28%,3828,6730,4316,0,0,6770,6251
1999/3/16,TX ,199906,6789,6798,6726,6775,《24,《0.36%,33,6775,140,0,0,7560,5602
1999/3/16,TX ,199909,6752,6752,6710,6710,】-50,】-0.74%,3,6800,23,0,0,7600,5631
1999/3/16,TX ,199912,-,-,-,-,-,-,-,6741,26,-,-,-,-
1999/3/17,TX ,199903,6680,6790,6675,6776,《117,《1.76%,1484,6776,905,0,0,8242,5540
1999/3/17,TX ,199904,6729,6800,6710,6780,《50,《0.74%,3729,6780,5166,0,0,6800,6251
1999/3/17,TX ,199906,6771,6838,6760,6800,《25,《0.37%,55,6791,156,0,0,7560,5602
1999/3/17,TX ,199909,6800,6800,6800,6800,-,-,1,6783,24,0,0,7600,5631
1999/3/17,TX ,199912,-,-,-,-,-,-,-,6783,26,-,-,-,-
1999/3/18,TX ,199904,6775,6940,6775,6934,《154,《2.27%,4144,6934,5614,0,0,6940,6251
1999/3/18,TX ,199905,6843,6950,6800,6948,-,-,47,6948,33,0,0,6950,6800
1999/3/18,TX ,199906,6791,6945,6791,6945,《154,《2.27%,38,6945,164,0,0,7560,5602
1999/3/18,TX ,199909,-,-,-,-,-,-,-,6960,24,-,-,-,-
1999/3/18,TX ,199912,6890,6890,6890,6890,《107,《1.58%,1,6911,26,0,0,6890,5631
1999/3/19,TX ,199904,6968,7080,6915,7070,《136,《1.96%,4410,7070,5634,0,0,7080,6251
1999/3/19,TX ,199905,6995,7088,6950,7085,《137,《1.97%,84,7085,79,0,0,7088,6800
1999/3/19,TX ,199906,6999,7100,6781,7070,《125,《1.80%,42,7075,174,0,0,7560,5602
1999/3/19,TX ,199909,6960,7081,6960,7080,《120,《1.72%,9,7086,29,0,0,7600,5631
1999/3/19,TX ,199912,6960,6995,6960,6995,《84,《1.22%,4,7055,26,0,0,6995,5631
1999/3/20,TX ,199904,7044,7080,7011,7075,《5,《0.07%,3769,7075,6291,0,0,7080,6251
1999/3/20,TX ,199905,7085,7130,7035,7090,《5,《0.07%,62,7090,95,0,0,7130,6800
1999/3/20,TX ,199906,7075,7090,7020,7090,《15,《0.21%,65,7090,167,0,0,7560,5602
1999/3/20,TX ,199909,7070,7070,7022,7050,】-36,】-0.51%,3,7055,30,0,0,7600,5631
1999/3/20,TX ,199912,7030,7055,7030,7055,-,-,3,7061,27,0,0,7055,5631
1999/3/22,TX ,199904,7055,7135,7025,7100,《25,《0.35%,2710,7100,6341,0,0,7135,6251
1999/3/22,TX ,199905,7060,7139,7042,7125,《35,《0.49%,58,7125,122,0,0,7139,6800
1999/3/22,TX ,199906,7088,7145,7055,7145,《55,《0.78%,27,7130,171,0,0,7560,5602
1999/3/22,TX ,199909,7010,7145,7010,7145,《90,《1.28%,3,7147,33,0,0,7600,5631
1999/3/22,TX ,199912,-,-,-,-,-,-,-,7179,27,-,-,-,-
1999/3/23,TX ,199904,7130,7157,7005,7005,】-95,】-1.34%,4342,7005,6259,0,0,7157,6251
1999/3/23,TX ,199905,7125,7185,7032,7035,】-90,】-1.26%,128,7035,173,0,0,7185,6800
1999/3/23,TX ,199906,7150,7150,7030,7048,】-82,】-1.15%,40,7048,168,0,0,7560,5602
1999/3/23,TX ,199909,7130,7130,7068,7068,】-79,】-1.11%,4,7052,35,0,0,7600,5631
1999/3/23,TX ,199912,7180,7240,7180,7240,《61,《0.85%,3,7084,26,0,0,7240,5631
1999/3/24,TX ,199904,6921,7000,6920,6981,】-24,】-0.34%,4683,6981,6136,0,0,7157,6251
1999/3/24,TX ,199905,6970,7029,6950,7008,】-27,】-0.38%,94,7008,194,0,0,7185,6800
1999/3/24,TX ,199906,6970,7006,6961,6971,】-77,】-1.09%,28,6991,174,0,0,7560,5602
1999/3/24,TX ,199909,7000,7000,6970,6990,】-62,】-0.88%,4,7028,34,0,0,7600,5631
1999/3/24,TX ,199912,-,-,-,-,-,-,-,7003,26,-,-,-,-
1999/3/25,TX ,199904,7010,7035,6980,7010,《29,《0.42%,2906,7010,6526,0,0,7157,6251
1999/3/25,TX ,199905,7010,7068,7010,7026,《18,《0.26%,77,7026,203,0,0,7185,6800
1999/3/25,TX ,199906,7031,7061,7006,7050,《59,《0.84%,25,7050,182,0,0,7560,5602
1999/3/25,TX ,199909,7031,7098,7028,7098,《70,《1.00%,4,7080,37,0,0,7600,5631
1999/3/25,TX ,199912,7021,7021,7021,7021,《18,《0.26%,1,7080,27,0,0,7240,5631
1999/3/26,TX ,199904,7054,7110,7030,7095,《85,《1.21%,3784,7095,6560,0,0,7157,6251
1999/3/26,TX ,199905,7050,7125,7050,7119,《93,《1.32%,112,7119,252,0,0,7185,6800
1999/3/26,TX ,199906,7066,7121,7065,7100,《50,《0.71%,27,7125,174,0,0,7560,5602
1999/3/26,TX ,199909,7150,7150,7060,7100,《20,《0.28%,7,7090,38,0,0,7600,5631
1999/3/26,TX ,199912,7040,7144,7040,7133,《53,《0.75%,5,7105,29,0,0,7240,5631
1999/3/29,TX ,199904,7095,7095,6947,6947,】-148,】-2.09%,3684,6947,6433,0,0,7157,6251
1999/3/29,TX ,199905,7100,7101,6982,7000,】-119,】-1.67%,113,7000,279,0,0,7185,6800
1999/3/29,TX ,199906,7106,7106,6981,7015,】-110,】-1.54%,27,7020,181,0,0,7560,5602
1999/3/29,TX ,199909,7086,7100,7045,7045,】-45,】-0.63%,6,7016,44,0,0,7600,5631
1999/3/29,TX ,199912,7086,7086,7012,7012,】-93,】-1.31%,9,7021,32,0,0,7240,5631
1999/3/30,TX ,199904,6990,7000,6920,6984,《37,《0.53%,3603,6984,6738,0,0,7157,6251
1999/3/30,TX ,199905,7030,7050,6951,7010,《10,《0.14%,119,7010,321,0,0,7185,6800
1999/3/30,TX ,199906,7050,7050,6987,7010,】-10,】-0.14%,23,7015,186,0,0,7560,5602
1999/3/30,TX ,199909,7046,7046,7002,7002,】-14,】-0.20%,6,7031,47,0,0,7600,5631
1999/3/30,TX ,199912,7051,7051,7008,7008,】-13,】-0.19%,5,7015,35,0,0,7240,5631
1999/3/31,TX ,199904,6949,6971,6888,6935,】-49,】-0.70%,3602,6935,6975,0,0,7157,6251
1999/3/31,TX ,199905,6980,6999,6920,6968,】-42,】-0.60%,152,6968,375,0,0,7185,6800
1999/3/31,TX ,199906,7000,7000,6920,6965,】-50,】-0.71%,28,6965,193,0,0,7560,5602
1999/3/31,TX ,199909,6980,6993,6950,6950,】-81,】-1.15%,11,6961,45,0,0,7600,5631
1999/3/31,TX ,199912,6975,6975,6966,6966,】-49,】-0.70%,5,6953,33,0,0,7240,5631
1999/4/1,TX ,199904,6920,7117,6916,7110,《175,《2.52%,4887,7110,6841,0,0,7157,6251
1999/4/1,TX ,199905,6968,7128,6937,7121,《153,《2.20%,241,7121,426,0,0,7185,6800
1999/4/1,TX ,199906,6965,7120,6960,7120,《155,《2.23%,44,7120,204,0,0,7560,5602
1999/4/1,TX ,199909,6961,7083,6961,7083,《122,《1.75%,10,7151,50,0,0,7600,5631
1999/4/1,TX ,199912,6953,7056,6953,6990,《37,《0.53%,6,7066,39,0,0,7240,5631
1999/4/2,TX ,199904,7137,7390,7130,7366,《256,《3.60%,5807,7366,5940,0,0,7390,6251
1999/4/2,TX ,199905,7150,7394,7150,7360,《239,《3.36%,407,7360,480,0,0,7394,6800
1999/4/2,TX ,199906,7168,7375,7150,7370,《250,《3.51%,71,7357,211,0,0,7560,5602
1999/4/2,TX ,199909,7249,7400,7150,7150,】-1,】-0.01%,10,7342,57,0,0,7600,5631
1999/4/2,TX ,199912,7190,7361,7190,7301,《235,《3.33%,8,7400,41,0,0,7361,5631
1999/4/3,TX ,199904,7379,7388,7280,7305,】-61,】-0.83%,4636,7305,6181,0,0,7390,6251
1999/4/3,TX ,199905,7411,7411,7280,7319,】-41,】-0.56%,288,7319,537,0,0,7411,6800
1999/4/3,TX ,199906,7390,7390,7300,7306,】-51,】-0.69%,25,7306,219,0,0,7560,5602
1999/4/3,TX ,199909,7392,7392,7300,7305,】-37,】-0.50%,19,7335,60,0,0,7600,5631
1999/4/3,TX ,199912,7303,7383,7302,7383,】-17,】-0.23%,4,7339,42,0,0,7383,5631
1999/4/6,TX ,199904,7351,7365,7280,7314,《9,《0.12%,2770,7314,6717,0,0,7390,6251
1999/4/6,TX ,199905,7350,7378,7296,7311,】-8,】-0.11%,212,7311,621,0,0,7411,6800
1999/4/6,TX ,199906,7310,7335,7301,7301,】-5,】-0.07%,12,7310,223,0,0,7560,5602
1999/4/6,TX ,199909,7310,7310,7310,7310,】-25,】-0.34%,3,7325,62,0,0,7600,5631
1999/4/6,TX ,199912,7319,7319,7310,7310,】-29,】-0.40%,3,7329,45,0,0,7383,5631
1999/4/7,TX ,199904,7310,7320,7235,7274,】-40,】-0.55%,3160,7274,7172,0,0,7390,6251
1999/4/7,TX ,199905,7302,7349,7250,7290,】-21,】-0.29%,255,7290,692,0,0,7411,6800
1999/4/7,TX ,199906,7310,7310,7270,7285,】-25,】-0.34%,26,7290,234,0,0,7560,5602
1999/4/7,TX ,199909,7275,7319,7275,7319,】-6,】-0.08%,3,7285,60,0,0,7600,5631
1999/4/7,TX ,199912,7288,7319,7288,7319,】-10,】-0.14%,2,7289,45,0,0,7383,5631
1999/4/8,TX ,199904,7308,7435,7302,7380,《106,《1.46%,4669,7380,6972,0,0,7435,6251
1999/4/8,TX ,199905,7320,7448,7320,7401,《111,《1.52%,459,7401,809,0,0,7448,6800
1999/4/8,TX ,199906,7342,7459,7336,7406,《116,《1.59%,37,7412,245,0,0,7560,5602
1999/4/8,TX ,199909,7450,7450,7450,7450,《165,《2.26%,1,7391,59,0,0,7600,5631
1999/4/8,TX ,199912,-,-,-,-,-,-,-,7448,45,-,-,-,-
1999/4/9,TX ,199904,7410,7434,7330,7330,】-50,】-0.68%,4024,7330,6863,0,0,7435,6251
1999/4/9,TX ,199905,7440,7460,7360,7360,】-41,】-0.55%,544,7360,956,0,0,7460,6800
1999/4/9,TX ,199906,7450,7450,7382,7382,】-30,】-0.40%,27,7370,251,0,0,7560,5602
1999/4/9,TX ,199909,7450,7450,7360,7360,】-31,】-0.42%,3,7361,62,0,0,7600,5631
1999/4/9,TX ,199912,7450,7450,7400,7400,】-48,】-0.64%,11,7363,49,0,0,7450,5631
1999/4/12,TX ,199904,7280,7325,7236,7275,】-55,】-0.75%,3680,7275,6876,0,0,7435,6251
1999/4/12,TX ,199905,7310,7356,7275,7310,】-50,】-0.68%,721,7310,1153,0,0,7460,6800
1999/4/12,TX ,199906,7322,7360,7290,7310,】-60,】-0.81%,56,7310,271,0,0,7560,5602
1999/4/12,TX ,199909,7335,7335,7250,7250,】-111,】-1.51%,4,7281,61,0,0,7600,5631
1999/4/12,TX ,199912,7390,7390,7312,7312,】-51,】-0.69%,2,7281,49,0,0,7450,5631
1999/4/13,TX ,199904,7330,7380,7310,7377,《102,《1.40%,3347,7377,6732,0,0,7435,6251
1999/4/13,TX ,199905,7350,7401,7340,7401,《91,《1.24%,745,7401,1379,0,0,7460,6800
1999/4/13,TX ,199906,7330,7400,7320,7400,《90,《1.23%,41,7400,294,0,0,7560,5602
1999/4/13,TX ,199909,7352,7411,7352,7411,《130,《1.79%,7,7393,63,0,0,7600,5631
1999/4/13,TX ,199912,-,-,-,-,-,-,-,7383,49,-,-,-,-
1999/4/14,TX ,199904,7359,7429,7356,7365,】-12,】-0.16%,3501,7365,5744,0,0,7435,6251
1999/4/14,TX ,199905,7405,7451,7393,7400,】-1,】-0.01%,1223,7400,1940,0,0,7460,6800
1999/4/14,TX ,199906,7385,7459,7385,7420,《20,《0.27%,67,7420,327,0,0,7560,5602
1999/4/14,TX ,199909,7430,7450,7430,7450,《57,《0.77%,10,7425,69,0,0,7600,5631
1999/4/14,TX ,199912,7430,7470,7430,7470,《87,《1.18%,10,7470,57,0,0,7470,5631
1999/4/15,TX ,199904,7360,7480,7320,7480,《115,《1.56%,3417,7480,5481,0,0,7480,6251
1999/4/15,TX ,199905,7394,7519,7350,7519,《119,《1.61%,1724,7519,2409,0,0,7519,6800
1999/4/15,TX ,199906,7400,7510,7351,7510,《90,《1.21%,57,7510,337,0,0,7560,5602
1999/4/15,TX ,199909,7366,7499,7366,7499,《74,《1.00%,11,7499,73,0,0,7600,5631
1999/4/15,TX ,199912,7400,7485,7370,7485,《15,《0.20%,9,7550,58,0,0,7485,5631
1999/4/16,TX ,199904,7525,7540,7410,7460,】-20,】-0.27%,2774,7460,4714,0,0,7540,6251
1999/4/16,TX ,199905,7556,7569,7440,7479,】-40,】-0.53%,2773,7479,3234,0,0,7569,6800
1999/4/16,TX ,199906,7550,7650,7450,7539,《29,《0.39%,90,7539,352,0,0,7650,5602
1999/4/16,TX ,199909,7580,7640,7481,7520,《21,《0.28%,7,7481,72,0,0,7640,5631
1999/4/16,TX ,199912,7650,7650,7599,7599,《49,《0.65%,2,7530,58,0,0,7650,5631
1999/4/17,TX ,199904,7441,7570,7427,7570,《110,《1.47%,1899,7570,4081,0,0,7570,6251
1999/4/17,TX ,199905,7479,7600,7452,7600,《121,《1.62%,2909,7600,3630,0,0,7600,6800
1999/4/17,TX ,199906,7500,7629,7476,7629,《90,《1.19%,137,7629,365,0,0,7650,5602
1999/4/17,TX ,199909,7550,7620,7550,7620,《139,《1.86%,6,7600,74,0,0,7640,5631
1999/4/17,TX ,199912,7569,7630,7569,7630,《100,《1.33%,4,7630,58,0,0,7650,5631
1999/4/19,TX ,199904,7596,7669,7551,7620,《50,《0.66%,1296,7620,3428,0,0,7669,6251
1999/4/19,TX ,199905,7610,7689,7596,7644,《44,《0.58%,3540,7644,4641,0,0,7689,6800
1999/4/19,TX ,199906,7647,7688,7630,7670,《41,《0.54%,92,7670,375,0,0,7688,5602
1999/4/19,TX ,199909,7645,7670,7645,7650,《50,《0.66%,7,7699,77,0,0,7670,5631
1999/4/19,TX ,199912,7630,7680,7630,7680,《50,《0.66%,3,7680,58,0,0,7680,5631
1999/4/20,TX ,199904,7558,7668,7551,7640,《20,《0.26%,901,7640,2752,0,0,7669,6251
1999/4/20,TX ,199905,7580,7698,7570,7662,《18,《0.24%,3970,7662,5339,0,0,7698,6800
1999/4/20,TX ,199906,7620,7692,7590,7675,《5,《0.07%,165,7675,443,0,0,7692,5602
1999/4/20,TX ,199909,7610,7685,7610,7660,】-39,】-0.51%,13,7660,86,0,0,7685,5631
1999/4/20,TX ,199912,7685,7699,7635,7635,】-45,】-0.59%,7,7635,64,0,0,7699,5631
1999/4/21,TX ,199904,7662,7688,7480,7490,】-150,】-1.96%,1798,7490,1214,0,0,7688,6251
1999/4/21,TX ,199905,7690,7699,7535,7559,】-103,】-1.34%,6068,7559,6285,0,0,7699,6800
1999/4/21,TX ,199906,7675,7696,7545,7551,】-124,】-1.62%,153,7551,501,0,0,7696,5602
1999/4/21,TX ,199909,7650,7650,7559,7559,】-101,】-1.32%,4,7545,89,0,0,7685,5631
1999/4/21,TX ,199912,7693,7693,7583,7583,】-52,】-0.68%,3,7564,63,0,0,7699,5631
1999/4/22,TX ,199905,7589,7618,7535,7590,《31,《0.41%,4262,7590,6948,0,0,7699,6800
1999/4/22,TX ,199906,7589,7619,7551,7600,《49,《0.65%,149,7600,554,0,0,7696,5602
1999/4/22,TX ,199909,7580,7605,7580,7605,《60,《0.80%,3,7576,89,0,0,7685,5631
1999/4/22,TX ,199912,7573,7606,7573,7606,《42,《0.56%,6,7595,63,0,0,7699,5631
1999/4/22,TX ,200003,-,-,-,-,-,-,-,7699,0,-,-,-,-
1999/4/23,TX ,199905,7630,7689,7616,7653,《63,《0.83%,4592,7653,6694,7653,7655,7699,6800
1999/4/23,TX ,199906,7620,7690,7620,7665,《65,《0.86%,163,7665,599,7658,7670,7696,5602
1999/4/23,TX ,199909,7699,7699,7622,7661,《85,《1.12%,14,7681,94,7661,7700,7699,5631
1999/4/23,TX ,199912,7693,7693,7693,7693,《98,《1.29%,3,7680,66,7693,7717,7699,5631
1999/4/23,TX ,200003,-,-,-,-,-,-,-,7762,0,-,-,-,-
1999/4/26,TX ,199905,7631,7665,7585,7630,】-23,】-0.30%,3108,7630,7113,7629,7634,7699,6800
1999/4/26,TX ,199906,7665,7675,7580,7651,】-14,】-0.18%,122,7651,626,7651,7665,7696,5602
1999/4/26,TX ,199909,7660,7685,7660,7685,《4,《0.05%,5,7640,91,7615,7703,7699,5631
1999/4/26,TX ,199912,7693,7693,7693,7693,《13,《0.17%,2,7640,66,7590,7720,7699,5631
1999/4/26,TX ,200003,7800,7800,7800,7800,《38,《0.49%,2,7739,2,7620,7800,7800,7800
1999/4/27,TX ,199905,7640,7650,7550,7575,】-55,】-0.72%,3256,7575,7469,7573,7575,7699,6800
1999/4/27,TX ,199906,7651,7651,7574,7578,】-73,】-0.95%,111,7578,651,7577,7589,7696,5602
1999/4/27,TX ,199909,7602,7700,7106,7580,】-60,】-0.79%,20,7580,92,7575,7625,7700,5631
1999/4/27,TX ,199912,7605,7605,7605,7605,】-35,】-0.46%,1,7585,66,7573,7605,7699,5631
1999/4/27,TX ,200003,-,-,-,-,-,-,-,7684,2,-,-,-,-
1999/4/28,TX ,199905,7561,7589,7540,7559,】-16,】-0.21%,2636,7559,7769,7558,7559,7699,6800
1999/4/28,TX ,199906,7618,7618,7550,7567,】-11,】-0.15%,150,7567,709,7565,7568,7696,5602
1999/4/28,TX ,199909,7600,7600,7561,7561,】-19,】-0.25%,5,7568,93,7550,7610,7700,5631
1999/4/28,TX ,199912,-,-,-,-,-,-,-,7566,66,-,-,-,-
1999/4/28,TX ,200003,-,-,-,-,-,-,-,7668,2,-,-,-,-
1999/4/29,TX ,199905,7502,7502,7381,7381,】-178,】-2.35%,5961,7381,7730,7380,7381,7699,6800
1999/4/29,TX ,199906,7540,7540,7415,7416,】-151,】-2.00%,255,7416,727,7416,7420,7696,5602
1999/4/29,TX ,199909,7530,7530,7430,7430,】-138,】-1.82%,13,7430,94,7410,7471,7700,5631
1999/4/29,TX ,199912,7502,7502,7456,7456,】-110,】-1.45%,3,7388,68,7455,7518,7699,5631
1999/4/29,TX ,200003,7500,7555,7500,7555,】-113,】-1.47%,5,7490,6,7470,7650,7800,7500
1999/4/30,TX ,199905,7350,7440,7335,7440,《59,《0.80%,4727,7440,7733,7440,7441,7699,6800
1999/4/30,TX ,199906,7373,7460,7372,7460,《44,《0.59%,225,7460,747,7450,7464,7696,5602
1999/4/30,TX ,199909,7400,7486,7400,7486,《56,《0.75%,12,7486,99,7450,7486,7700,5631
1999/4/30,TX ,199912,7486,7486,7486,7486,《98,《1.33%,3,7486,71,7450,7493,7699,5631
1999/4/30,TX ,200003,-,-,-,-,-,-,-,7549,6,-,-,-,-
1999/5/3,TX ,199905,7450,7450,7382,7436,】-4,】-0.05%,2622,7436,8019,7436,7437,7699,6800
1999/5/3,TX ,199906,7479,7479,7405,7450,】-10,】-0.13%,112,7450,778,7445,7450,7696,5602
1999/5/3,TX ,199909,7461,7480,7403,7468,】-18,】-0.24%,12,7440,99,7416,7480,7700,5631
1999/5/3,TX ,199912,7484,7484,7484,7484,】-2,】-0.03%,1,7474,71,7403,7530,7699,5631
1999/5/3,TX ,200003,-,-,-,-,-,-,-,7545,6,-,-,-,-
1999/5/4,TX ,199905,7479,7629,7479,7625,《189,《2.54%,5721,7625,6772,7625,7626,7699,6800
1999/5/4,TX ,199906,7490,7646,7480,7636,《186,《2.50%,289,7636,871,7630,7636,7696,5602
1999/5/4,TX ,199909,7550,7630,7501,7630,《190,《2.55%,13,7630,108,7575,7650,7700,5631
1999/5/4,TX ,199912,7568,7650,7568,7650,《176,《2.35%,9,7650,76,7603,7670,7699,5631
1999/5/4,TX ,200003,7625,7730,7590,7730,《185,《2.45%,8,7730,10,7630,7745,7800,7500
1999/5/5,TX ,199905,7581,7637,7568,7599,】-26,】-0.34%,3291,7599,7209,7599,7600,7699,6800
1999/5/5,TX ,199906,7600,7639,7571,7604,】-32,】-0.42%,217,7604,964,7604,7609,7696,5602
1999/5/5,TX ,199909,7648,7650,7578,7610,】-20,】-0.26%,10,7620,110,7601,7669,7700,5631
1999/5/5,TX ,199912,-,-,-,-,-,-,-,7620,76,-,-,-,-
1999/5/5,TX ,200003,-,-,-,-,-,-,-,7650,10,-,-,-,-
1999/5/6,TX ,199905,7650,7669,7581,7603,《4,《0.05%,3294,7603,7715,7603,7605,7699,6800
1999/5/6,TX ,199906,7645,7669,7598,7610,《6,《0.08%,258,7610,1034,7609,7610,7696,5602
1999/5/6,TX ,199909,7650,7650,7600,7606,】-14,】-0.18%,9,7620,116,7573,7650,7700,5631
1999/5/6,TX ,199912,-,-,-,-,-,-,-,7620,76,-,-,-,-
1999/5/6,TX ,200003,-,-,-,-,-,-,-,7640,10,-,-,-,-
1999/5/7,TX ,199905,7551,7579,7501,7519,】-84,】-1.10%,3685,7519,7582,7518,7519,7699,6800
1999/5/7,TX ,199906,7551,7584,7517,7520,】-90,】-1.18%,325,7520,1103,7518,7520,7696,5602
1999/5/7,TX ,199909,7151,7620,7151,7530,】-90,】-1.18%,11,7530,120,7520,7575,7700,5631
1999/5/7,TX ,199912,7521,7573,7521,7573,】-47,】-0.62%,2,7561,76,7526,7655,7699,5631
1999/5/7,TX ,200003,-,-,-,-,-,-,-,7592,10,-,-,-,-
1999/5/10,TX ,199905,7495,7564,7460,7560,《41,《0.55%,2902,7560,7610,7560,7563,7699,6800
1999/5/10,TX ,199906,7530,7560,7465,7560,《40,《0.53%,372,7560,1183,7555,7560,7696,5602
1999/5/10,TX ,199909,7562,7580,7505,7580,《50,《0.66%,14,7580,124,7540,7580,7700,5631
1999/5/10,TX ,199912,7502,7580,7502,7580,《19,《0.25%,4,7602,75,7550,7583,7699,5631
1999/5/10,TX ,200003,7588,7588,7588,7588,】-4,】-0.05%,1,7633,10,7540,7653,7800,7500
1999/5/11,TX ,199905,7565,7629,7460,7470,】-90,】-1.19%,4013,7470,7615,7470,7472,7699,6800
1999/5/11,TX ,199906,7580,7620,7499,7499,】-61,】-0.81%,649,7499,1348,7490,7499,7696,5602
1999/5/11,TX ,199909,7560,7649,7501,7501,】-79,】-1.04%,11,7501,125,7480,7558,7700,5631
1999/5/11,TX ,199912,7647,7647,7511,7511,】-91,】-1.20%,2,7511,75,7508,7601,7699,5631
1999/5/11,TX ,200003,-,-,-,-,-,-,-,7565,10,-,-,-,-
1999/5/12,TX ,199905,7505,7518,7455,7518,《48,《0.64%,2694,7470,7615,7470,7472,7699,6800
1999/5/12,TX ,199906,7515,7521,7462,7520,《21,《0.28%,816,7499,1348,7490,7499,7696,5602
1999/5/12,TX ,199909,7458,7550,7458,7550,《49,《0.65%,6,7501,125,7480,7558,7700,5631
1999/5/12,TX ,199912,7475,7475,7475,7475,】-36,】-0.48%,1,7511,75,7508,7601,7699,5631
1999/5/12,TX ,200003,-,-,-,-,-,-,-,7565,10,-,-,-,-
1999/5/13,TX ,199905,7490,7533,7463,7469,】-1,】-0.01%,2389,7469,7220,7468,7469,7699,6800
1999/5/13,TX ,199906,7510,7539,7461,7461,】-38,】-0.51%,968,7461,2094,7461,7475,7696,5602
1999/5/13,TX ,199909,7540,7548,7462,7470,】-31,】-0.41%,19,7470,137,7470,7500,7700,5631
1999/5/13,TX ,199912,7500,7511,7490,7490,】-21,】-0.28%,6,7529,81,7471,7531,7699,5631
1999/5/13,TX ,200003,7618,7618,7503,7503,】-62,】-0.82%,10,7568,12,7471,7594,7800,7500
1999/5/14,TX ,199905,7515,7615,7515,7610,《141,《1.89%,3525,7610,5723,7610,7611,7699,6800
1999/5/14,TX ,199906,7518,7640,7508,7635,《174,《2.33%,2404,7635,3104,7633,7635,7696,5602
1999/5/14,TX ,199909,7470,7636,7470,7636,《166,《2.22%,47,7617,154,7592,7636,7700,5631
1999/5/14,TX ,199912,7595,7600,7595,7600,《71,《0.94%,5,7624,82,7551,7650,7699,5631
1999/5/14,TX ,200003,7588,7628,7569,7628,《60,《0.79%,4,7709,16,7550,7660,7800,7500
1999/5/15,TX ,199905,7561,7610,7559,7610,-,-,1700,7610,5012,7610,7611,7699,6800
1999/5/15,TX ,199906,7583,7640,7580,7640,《5,《0.07%,1919,7640,3813,7640,7644,7696,5602
1999/5/15,TX ,199909,7602,7638,7586,7636,《19,《0.25%,18,7636,163,7627,7646,7700,5631
1999/5/15,TX ,199912,7650,7653,7630,7630,《6,《0.08%,4,7610,83,7562,7649,7699,5631
1999/5/15,TX ,200003,7600,7600,7590,7591,】-118,】-1.53%,8,7605,19,7570,7635,7800,7500
1999/5/17,TX ,199905,7608,7670,7580,7600,】-10,】-0.13%,1811,7600,3978,7595,7603,7699,6800
1999/5/17,TX ,199906,7640,7709,7618,7647,《7,《0.09%,3260,7647,4833,7647,7648,7709,5602
1999/5/17,TX ,199909,7665,7730,7620,7631,】-5,】-0.07%,43,7631,175,7630,7659,7730,5631
1999/5/17,TX ,199912,7635,7700,7620,7662,《52,《0.68%,7,7631,86,7561,7683,7700,5631
1999/5/17,TX ,200003,7729,7729,7643,7643,《38,《0.50%,3,7665,19,7551,7710,7800,7500
1999/5/18,TX ,199905,7608,7622,7530,7600,-,-,1095,7600,3135,7599,7600,7699,6800
1999/5/18,TX ,199906,7647,7664,7564,7643,】-4,】-0.05%,3778,7643,5216,7640,7644,7709,5602
1999/5/18,TX ,199909,7625,7636,7567,7636,《5,《0.07%,37,7636,191,7630,7650,7730,5631
1999/5/18,TX ,199912,7602,7629,7544,7629,】-2,】-0.03%,13,7658,89,7571,7630,7700,5631
1999/5/18,TX ,200003,7659,7699,7659,7699,《34,《0.44%,2,7690,20,7591,7699,7800,7500
1999/5/19,TX ,199905,7620,7625,7554,7609,《9,《0.12%,1753,7609,1473,7608,7609,7699,6800
1999/5/19,TX ,199906,7644,7656,7576,7624,】-19,】-0.25%,3534,7624,5929,7623,7624,7709,5602
1999/5/19,TX ,199909,7655,7655,7580,7636,-,-,34,7636,189,7602,7648,7730,5631
1999/5/19,TX ,199912,7586,7658,7586,7658,-,-,2,7659,88,7603,7659,7700,5631
1999/5/19,TX ,200003,-,-,-,-,-,-,-,7690,20,-,-,-,-
1999/5/20,TX ,199906,7663,7679,7610,7610,】-14,】-0.18%,3978,7610,6735,7610,7613,7709,5602
1999/5/20,TX ,199907,7665,7685,7620,7620,-,-,89,7620,71,7611,7620,7685,7620
1999/5/20,TX ,199909,7650,7680,7603,7606,】-30,】-0.39%,22,7606,195,7604,7606,7730,5631
1999/5/20,TX ,199912,-,-,-,-,-,-,-,7670,88,-,-,-,-
1999/5/20,TX ,200003,-,-,-,-,-,-,-,7700,20,-,-,-,-
1999/5/21,TX ,199906,7620,7649,7600,7625,《15,《0.20%,2195,7625,7163,7622,7625,7709,5602
1999/5/21,TX ,199907,7639,7650,7610,7620,-,-,39,7620,88,7620,7630,7685,7610
1999/5/21,TX ,199909,7578,7655,7578,7612,《6,《0.08%,35,7639,213,7610,7644,7730,5631
1999/5/21,TX ,199912,7620,7620,7620,7620,】-50,】-0.65%,1,7620,89,7585,7663,7700,5631
1999/5/21,TX ,200003,-,-,-,-,-,-,-,7680,20,-,-,-,-
1999/5/24,TX ,199906,7620,7630,7580,7628,《3,《0.04%,2455,7628,7106,7628,7629,7709,5602
1999/5/24,TX ,199907,7620,7650,7586,7645,《25,《0.33%,66,7645,117,7622,7645,7685,7586
1999/5/24,TX ,199909,7596,7630,7596,7630,】-9,】-0.12%,17,7622,210,7600,7635,7730,5631
1999/5/24,TX ,199912,-,-,-,-,-,-,-,7648,89,-,-,-,-
1999/5/24,TX ,200003,-,-,-,-,-,-,-,7690,20,-,-,-,-
1999/5/25,TX ,199906,7580,7589,7500,7509,】-119,】-1.56%,4904,7509,7241,7508,7509,7709,5602
1999/5/25,TX ,199907,7590,7590,7520,7520,】-125,】-1.64%,174,7520,205,7511,7528,7685,7520
1999/5/25,TX ,199909,7580,7583,7533,7533,】-89,】-1.17%,27,7533,211,7533,7540,7730,5631
1999/5/25,TX ,199912,7600,7600,7600,7600,】-48,】-0.63%,1,7567,90,7522,7650,7700,5631
1999/5/25,TX ,200003,-,-,-,-,-,-,-,7572,20,-,-,-,-
1999/5/26,TX ,199906,7462,7500,7430,7500,】-9,】-0.12%,4280,7500,7807,7499,7500,7709,5602
1999/5/26,TX ,199907,7484,7509,7450,7507,】-13,】-0.17%,119,7507,234,7505,7508,7685,7450
1999/5/26,TX ,199909,7480,7512,7463,7509,】-24,】-0.32%,31,7509,221,7509,7523,7730,5631
1999/5/26,TX ,199912,7520,7520,7520,7520,】-47,】-0.62%,2,7545,89,7431,7538,7700,5631
1999/5/26,TX ,200003,7530,7530,7520,7520,】-52,】-0.69%,2,7569,20,7446,7550,7800,7500
1999/5/27,TX ,199906,7526,7540,7480,7480,】-20,】-0.27%,2901,7480,8224,7477,7481,7709,5602
1999/5/27,TX ,199907,7530,7545,7488,7496,】-11,】-0.15%,117,7496,277,7496,7503,7685,7450
1999/5/27,TX ,199909,7511,7530,7500,7500,】-9,】-0.12%,9,7500,225,7485,7530,7730,5631
1999/5/27,TX ,199912,-,-,-,-,-,-,-,7560,89,-,-,-,-
1999/5/27,TX ,200003,7580,7580,7580,7580,《11,《0.15%,1,7579,20,7484,7590,7800,7500
1999/5/28,TX ,199906,7430,7448,7402,7418,】-62,】-0.83%,3395,7418,7773,7418,7419,7709,5602
1999/5/28,TX ,199907,7449,7449,7406,7430,】-66,】-0.88%,144,7430,325,7426,7430,7685,7406
1999/5/28,TX ,199909,7463,7468,7425,7425,】-75,】-1.00%,13,7433,228,7411,7430,7730,5631
1999/5/28,TX ,199912,7436,7436,7436,7436,】-124,】-1.64%,1,7480,90,7410,7500,7700,5631
1999/5/28,TX ,200003,7450,7450,7450,7450,】-129,】-1.70%,1,7500,20,7412,7530,7800,7450
1999/5/29,TX ,199906,7438,7459,7410,7439,《21,《0.28%,2123,7439,8106,7438,7440,7709,5602
1999/5/29,TX ,199907,7430,7469,7420,7442,《12,《0.16%,146,7442,402,7440,7444,7685,7406
1999/5/29,TX ,199909,7445,7455,7436,7448,《15,《0.20%,10,7448,233,7430,7448,7730,5631
1999/5/29,TX ,199912,-,-,-,-,-,-,-,7515,90,-,-,-,-
1999/5/29,TX ,200003,-,-,-,-,-,-,-,7565,20,-,-,-,-
1999/5/31,TX ,199906,7428,7428,7321,7321,】-118,】-1.59%,2891,7321,7728,7321,7324,7709,5602
1999/5/31,TX ,199907,7431,7431,7330,7340,】-102,】-1.37%,135,7340,451,7332,7349,7685,7330
1999/5/31,TX ,199909,7421,7423,7350,7350,】-98,】-1.32%,51,7350,221,7338,7368,7730,5631
1999/5/31,TX ,199912,7409,7409,7315,7350,】-165,】-2.20%,10,7350,94,7321,7390,7700,5631
1999/5/31,TX ,200003,7420,7420,7388,7388,】-177,】-2.34%,4,7447,23,7315,7435,7800,7388
1999/6/1,TX ,199906,7323,7409,7323,7408,《87,《1.19%,2952,7408,7711,7408,7409,7709,5602
1999/6/1,TX ,199907,7342,7419,7330,7400,《60,《0.82%,162,7400,518,7400,7408,7685,7330
1999/6/1,TX ,199909,7380,7404,7353,7404,《54,《0.73%,26,7399,234,7400,7429,7730,5631
1999/6/1,TX ,199912,7400,7420,7398,7420,《70,《0.95%,7,7437,99,7404,7440,7700,5631
1999/6/1,TX ,200003,7445,7445,7445,7445,】-2,】-0.03%,2,7534,23,7320,7538,7800,7388
1999/6/2,TX ,199906,7386,7458,7381,7452,《44,《0.59%,3163,7452,7549,7450,7452,7709,5602
1999/6/2,TX ,199907,7394,7450,7385,7449,《49,《0.66%,204,7449,578,7442,7449,7685,7330
1999/6/2,TX ,199909,7403,7453,7403,7453,《54,《0.73%,16,7453,241,7441,7453,7730,5631
1999/6/2,TX ,199912,7450,7450,7450,7450,《13,《0.17%,2,7481,99,7405,7493,7700,5631
1999/6/2,TX ,200003,7483,7483,7483,7483,】-51,】-0.68%,1,7578,24,7405,7498,7800,7388
1999/6/3,TX ,199906,7486,7540,7472,7510,《58,《0.78%,3292,7510,7703,7508,7510,7709,5602
1999/6/3,TX ,199907,7470,7549,7470,7514,《65,《0.87%,375,7514,659,7512,7514,7685,7330
1999/6/3,TX ,199909,7470,7528,7470,7500,《47,《0.63%,39,7500,238,7490,7520,7730,5631
1999/6/3,TX ,199912,7520,7540,7520,7540,《59,《0.79%,2,7539,98,7500,7542,7700,5631
1999/6/3,TX ,200003,7550,7550,7550,7550,】-28,】-0.37%,1,7636,24,7501,7575,7800,7388
1999/6/4,TX ,199906,7510,7535,7500,7535,《25,《0.33%,1614,7535,7887,7530,7535,7709,5602
1999/6/4,TX ,199907,7535,7535,7485,7530,《16,《0.21%,169,7530,716,7523,7530,7685,7330
1999/6/4,TX ,199909,7489,7530,7489,7530,《30,《0.40%,16,7529,248,7501,7537,7730,5631
1999/6/4,TX ,199912,7545,7545,7510,7510,】-29,】-0.38%,2,7510,99,7473,7542,7700,5631
1999/6/4,TX ,200003,7580,7580,7520,7523,】-113,】-1.48%,4,7512,27,7502,7590,7800,7388
1999/6/5,TX ,199906,7579,7592,7560,7584,《49,《0.65%,2194,7584,7607,7583,7584,7709,5602
1999/6/5,TX ,199907,7561,7588,7561,7585,《55,《0.73%,241,7585,816,7583,7585,7685,7330
1999/6/5,TX ,199909,7550,7585,7550,7580,《51,《0.68%,25,7570,262,7560,7580,7730,5631
1999/6/5,TX ,199912,7600,7600,7600,7600,《90,《1.20%,1,7542,99,7526,7630,7700,5631
1999/6/5,TX ,200003,7590,7590,7590,7590,《78,《1.04%,1,7590,27,7528,7628,7800,7388
1999/6/7,TX ,199906,7600,7797,7600,7795,《211,《2.78%,4588,7795,6490,7795,7796,7797,5602
1999/6/7,TX ,199907,7590,7790,7590,7790,《205,《2.70%,826,7790,1193,7781,7790,7790,7330
1999/6/7,TX ,199909,7570,7770,7570,7770,《200,《2.64%,50,7792,264,7730,7797,7770,5631
1999/6/7,TX ,199912,7649,7789,7649,7786,《244,《3.24%,15,7768,98,7740,7789,7789,5631
1999/6/7,TX ,200003,7700,7719,7700,7700,《110,《1.45%,4,7801,26,7660,7783,7800,7388
1999/6/8,TX ,199906,7898,7937,7850,7894,《99,《1.27%,2870,7894,5878,7894,7895,7937,5602
1999/6/8,TX ,199907,7880,7898,7841,7894,《104,《1.34%,674,7894,1368,7890,7894,7898,7330
1999/6/8,TX ,199909,7890,7890,7820,7877,《85,《1.09%,37,7877,267,7867,7890,7890,5631
1999/6/8,TX ,199912,7894,7894,7850,7890,《122,《1.57%,8,7900,98,7856,7959,7894,5631
1999/6/8,TX ,200003,-,-,-,-,-,-,-,7979,26,-,-,-,-
1999/6/9,TX ,199906,7893,7927,7855,7925,《31,《0.39%,2287,7925,5915,7924,7925,7937,5602
1999/6/9,TX ,199907,7865,7939,7852,7939,《45,《0.57%,740,7939,1742,7935,7939,7939,7330
1999/6/9,TX ,199909,7920,7949,7856,7920,《43,《0.55%,62,7920,308,7885,7947,7949,5631
1999/6/9,TX ,199912,7900,7920,7900,7920,《20,《0.25%,6,7931,101,7875,7930,7920,5631
1999/6/9,TX ,200003,7950,7950,7950,7950,】-29,】-0.36%,2,7950,28,7900,8100,7950,7388
1999/6/10,TX ,199906,7942,8025,7941,7960,《35,《0.44%,2548,7960,5744,7957,7960,8025,5602
1999/6/10,TX ,199907,7950,8032,7950,7972,《33,《0.42%,1247,7972,2342,7972,7975,8032,7330
1999/6/10,TX ,199909,7949,8049,7949,7970,《50,《0.63%,46,7970,334,7955,8019,8049,5631
1999/6/10,TX ,199912,8019,8025,8019,8025,《94,《1.19%,14,8010,102,7943,8050,8025,5631
1999/6/10,TX ,200003,-,-,-,-,-,-,-,7987,28,-,-,-,-
1999/6/11,TX ,199906,7960,7988,7902,7960,-,-,1857,7960,5605,7960,7966,8025,5602
1999/6/11,TX ,199907,7980,7987,7920,7959,】-13,】-0.16%,1208,7959,2881,7958,7959,8032,7330
1999/6/11,TX ,199909,7950,7974,7910,7950,】-20,】-0.25%,33,7957,355,7935,7970,8049,5631
1999/6/11,TX ,199912,7901,7983,7901,7947,】-63,】-0.79%,4,8020,104,7903,8020,8025,5631
1999/6/11,TX ,200003,7925,7987,7925,7987,-,-,2,8030,28,7930,8030,7987,7388
1999/6/14,TX ,199906,7940,7975,7920,7975,《15,《0.19%,1284,7975,5032,7972,7975,8025,5602
1999/6/14,TX ,199907,7935,7985,7927,7985,《26,《0.33%,1248,7985,3460,7985,7986,8032,7330
1999/6/14,TX ,199909,7940,7977,7929,7977,《20,《0.25%,17,7972,361,7955,7978,8049,5631
1999/6/14,TX ,199912,7955,8000,7926,8000,】-20,】-0.25%,13,8000,103,7950,8000,8025,5631
1999/6/14,TX ,200003,-,-,-,-,-,-,-,8025,28,-,-,-,-
1999/6/15,TX ,199906,8090,8090,7920,7943,】-32,】-0.40%,1714,7943,3751,7942,7943,8090,5602
1999/6/15,TX ,199907,8095,8098,7940,7940,】-45,】-0.56%,2798,7940,4072,7940,7943,8098,7330
1999/6/15,TX ,199909,8034,8080,7932,7951,】-21,】-0.26%,44,7951,368,7950,7951,8080,5631
1999/6/15,TX ,199912,8048,8048,7998,7998,】-2,】-0.03%,4,7970,103,7932,8070,8048,5631
1999/6/15,TX ,200003,-,-,-,-,-,-,-,7993,28,-,-,-,-
1999/6/16,TX ,199906,7950,8090,7913,8090,《147,《1.85%,2128,8090,1834,8090,8095,8090,5602
1999/6/16,TX ,199907,7950,8113,7903,8113,《173,《2.18%,3526,8113,4983,8113,8115,8113,7330
1999/6/16,TX ,199909,7942,8082,7902,8082,《131,《1.65%,113,8082,421,8080,8090,8082,5631
1999/6/16,TX ,199912,7951,8021,7951,8021,《51,《0.64%,4,8117,103,8021,8500,8048,5631
1999/6/16,TX ,200003,-,-,-,-,-,-,-,8230,28,-,-,-,-
1999/6/17,TX ,199907,8193,8349,8170,8349,《236,《2.91%,4654,8349,5406,8348,8349,8349,7330
1999/6/17,TX ,199908,8200,8350,8150,8350,-,-,83,8350,59,8350,8375,8350,8150
1999/6/17,TX ,199909,8150,8356,8120,8356,《274,《3.39%,124,8356,445,8336,8356,8356,5631
1999/6/17,TX ,199912,8198,8310,8173,8280,《163,《2.01%,19,8320,109,8280,8350,8310,5631
1999/6/17,TX ,200003,8150,8280,8150,8280,《50,《0.61%,9,8405,28,8205,8305,8280,7388
1999/6/21,TX ,199907,8389,8480,8320,8439,《90,《1.08%,3935,8439,5423,8438,8439,8480,7330
1999/6/21,TX ,199908,8350,8470,8350,8440,《90,《1.08%,126,8440,136,8440,8450,8470,8150
1999/6/21,TX ,199909,8386,8470,8341,8445,《89,《1.07%,85,8445,454,8420,8449,8470,5631
1999/6/21,TX ,199912,8497,8497,8395,8419,《99,《1.19%,11,8420,108,8380,8479,8497,5631
1999/6/21,TX ,200003,-,-,-,-,-,-,-,8495,28,-,-,-,-
1999/6/22,TX ,199907,8459,8700,8422,8690,《251,《2.97%,4372,8690,5296,8690,8691,8700,7330
1999/6/22,TX ,199908,8479,8698,8440,8650,《210,《2.49%,162,8650,155,8649,8679,8698,8150
1999/6/22,TX ,199909,8480,8700,8421,8700,《255,《3.02%,72,8700,434,8656,8710,8700,5631
1999/6/22,TX ,199912,8499,8630,8498,8630,《210,《2.49%,6,8650,109,8520,8693,8630,5631
1999/6/22,TX ,200003,8589,8589,8589,8589,《94,《1.11%,1,8651,29,8451,8650,8589,7388
1999/6/23,TX ,199907,8630,8667,8522,8527,】-163,】-1.88%,5303,8527,5718,8527,8528,8700,7330
1999/6/23,TX ,199908,8640,8650,8530,8532,】-118,】-1.36%,185,8532,194,8530,8532,8698,8150
1999/6/23,TX ,199909,8700,8700,8551,8555,】-145,】-1.67%,69,8555,425,8520,8562,8700,5631
1999/6/23,TX ,199912,8602,8602,8540,8551,】-99,】-1.14%,5,8530,108,8530,8715,8630,5631
1999/6/23,TX ,200003,8564,8564,8564,8564,】-87,】-1.01%,1,8564,30,8451,8815,8589,7388
1999/6/24,TX ,199907,8561,8715,8503,8697,《170,《1.99%,4819,8697,5862,8696,8697,8715,7330
1999/6/24,TX ,199908,8549,8700,8512,8670,《138,《1.62%,176,8670,220,8667,8684,8700,8150
1999/6/24,TX ,199909,8555,8700,8523,8680,《125,《1.46%,36,8679,421,8655,8700,8700,5631
1999/6/24,TX ,199912,8670,8790,8600,8680,《150,《1.76%,6,8670,106,8600,8749,8790,5631
1999/6/24,TX ,200003,8670,8670,8670,8670,《106,《1.24%,1,8734,31,8521,8900,8670,7388
1999/6/25,TX ,199907,8601,8601,8380,8434,】-263,】-3.02%,5512,8434,5470,8420,8434,8715,7330
1999/6/25,TX ,199908,8577,8597,8395,8400,】-270,】-3.11%,236,8400,294,8400,8409,8700,8150
1999/6/25,TX ,199909,8500,8540,8395,8395,】-284,】-3.27%,53,8395,410,8391,8417,8700,5631
1999/6/25,TX ,199912,8501,8550,8400,8400,】-270,】-3.11%,5,8429,105,8311,8549,8790,5631
1999/6/25,TX ,200003,8502,8504,8434,8434,】-300,】-3.43%,3,8471,32,8433,8630,8670,7388
1999/6/28,TX ,199907,8429,8480,8380,8447,《13,《0.15%,2883,8447,5873,8446,8447,8715,7330
1999/6/28,TX ,199908,8401,8480,8384,8453,《53,《0.63%,113,8453,320,8452,8453,8700,8150
1999/6/28,TX ,199909,8262,8450,8262,8450,《55,《0.66%,28,8450,420,8412,8450,8700,5631
1999/6/28,TX ,199912,8415,8415,8395,8395,】-34,】-0.40%,4,8410,104,8331,8510,8790,5631
1999/6/28,TX ,200003,8431,8460,8431,8460,】-11,】-0.13%,2,8484,31,8421,8570,8670,7388
1999/6/29,TX ,199907,8524,8625,8520,8618,《171,《2.02%,3720,8618,5535,8617,8618,8715,7330
1999/6/29,TX ,199908,8529,8625,8500,8625,《172,《2.03%,179,8625,324,8625,8630,8700,8150
1999/6/29,TX ,199909,8500,8635,8500,8590,《140,《1.66%,26,8621,419,8585,8640,8700,5631
1999/6/29,TX ,199912,8528,8610,8528,8600,《190,《2.26%,4,8552,104,8550,8630,8790,5631
1999/6/29,TX ,200003,8565,8610,8565,8610,《126,《1.49%,3,8655,28,8510,8730,8670,7388
1999/6/30,TX ,199907,8650,8650,8522,8559,】-59,】-0.68%,2884,8559,5505,8557,8559,8715,7330
1999/6/30,TX ,199908,8625,8650,8540,8565,】-60,】-0.70%,172,8565,332,8562,8570,8700,8150
1999/6/30,TX ,199909,8680,8680,8505,8555,】-66,】-0.77%,26,8555,414,8555,8580,8700,5631
1999/6/30,TX ,199912,8950,8950,8500,8569,《17,《0.20%,5,8569,104,8501,8628,8950,5631
1999/6/30,TX ,200003,8500,8500,8500,8500,】-155,】-1.79%,2,8596,27,8500,8899,8670,7388
*t基tR芥ビ厨ぇΘユq┪ゼRP船q
